metric	value
cov.native_systems_mean_pct	22.7027027027027
cov.scenes_loading	54
cov.script_classes_ported	32
cov.script_instances_full_pct	1.3831269851558956
cov.script_instances_ported_pct	3.611039087314449
gap.0-1.unknown_event_calls	1
pass.0-1.arenas	1
pass.0-1.boss_to_exit	1
pass.0-1.checkpoint_respawn	1
pass.0-1.determinism	1
pass.0-1.doors	1
pass.0-1.load	1
pass.0-1.sim_budget	1
pass.all.scenes_load	1
perf.0-1.game_build_ms	39.8607
perf.0-1.scene_load_ms	2219.2071
perf.0-1.sim_tick_us_p50	937.3
perf.0-1.sim_tick_us_p99	1281.8
perf.all.scene_load_ms_total	29127.9553
play.0-1.arenas_ok	14
play.0-1.bot_deaths	0
play.0-1.bot_waypoints	25
play.0-1.doors_ok	11
