class	scenes	instances	status
Image	54	140762	MISSING
TextMeshProUGUI	54	64961	MISSING
Button	54	29172	MISSING
HudOpenEffect	54	14141	MISSING
Slider	54	11716	MISSING
PlayOnAwakeTracker	54	8779	MISSING
VerticalLayoutGroup	54	4561	MISSING
HorizontalLayoutGroup	54	2684	MISSING
Mask	54	2370	MISSING
CanvasScaler	54	776	MISSING
GraphicRaycaster	54	535	MISSING
SliderValueToText	53	10808	MISSING
Text	53	4163	MISSING
ObjectActivator	53	4093	full
GunColorGetter	53	3536	MISSING
ColorBlindGet	53	3496	MISSING
ContentSizeFitter	53	2272	MISSING
Scrollbar	53	1731	MISSING
ScrollRect	53	1672	MISSING
RawImage	53	1105	MISSING
CullingOverride	53	1034	MISSING
GridLayoutGroup	53	276	MISSING
IconPackSprite	53	265	MISSING
LayoutElement	53	149	MISSING
LevelNameFinder	53	134	MISSING
AgonyController	53	53	MISSING
AssetHelper	53	53	MISSING
ClipboardStuff	53	53	MISSING
Console	53	53	MISSING
ConsoleFilters	53	53	MISSING
ConsoleTitleBar	53	53	MISSING
ConsoleWindow	53	53	MISSING
ConsoleWindowCorner	53	53	MISSING
DebugUI	53	53	MISSING
ErrorBadge	53	53	MISSING
EventSystem	53	53	MISSING
GameStateManager	53	53	MISSING
LogLine	53	53	MISSING
PinConsole	53	53	MISSING
PrefabReplacer	53	53	MISSING
RectMask2D	53	53	MISSING
SceneHelper	53	53	MISSING
TMP_InputField	53	53	MISSING
PreservedOriginalMesh	52	37979	MISSING
ShopButton	52	19146	MISSING
ControllerPointer	52	16132	MISSING
BackSelectOverride	52	12352	MISSING
EnemySimplifier	52	7361	MISSING
RemoveOnTime	52	4379	MISSING
RandomPitch	52	4080	MISSING
OutdoorsChecker	52	3950	MISSING
SeasonalHats	52	3122	MISSING
ColorBlindSetter	52	1802	MISSING
Spin	52	1734	MISSING
GamepadObjectSelector	52	1646	MISSING
VariationInfo	52	1539	MISSING
GunColorSetter	52	1215	MISSING
WeaponOrderController	52	1215	MISSING
ComponentEvents	52	1114	MISSING
SmileRenderer	52	892	MISSING
MenuEsc	52	862	MISSING
Toggle	52	797	MISSING
ShopCategory	52	488	MISSING
InputField	52	425	MISSING
PrefOptionToggle	52	424	MISSING
SettingsRestoreDefaultButton	52	424	MISSING
SliderToFillAmount	52	424	MISSING
CustomMusicPlaceholder	52	418	MISSING
GunColorLock	52	405	MISSING
GunColorTypeGetter	52	405	MISSING
BackSelectEvent	52	371	MISSING
KeepInBounds	52	370	MISSING
SettingsPageBuilder	52	319	MISSING
EventOnSceneName	52	318	MISSING
StaminaMeter	52	314	MISSING
AspectRatioFitter	52	266	MISSING
BasicConfirmationDialog	52	266	MISSING
HealthBar	52	264	MISSING
TeleportPlayer	52	260	full
AbruptLevelChanger	52	243	MISSING
CopyImage	52	212	MISSING
ShowIfLevelUnlocked	52	212	MISSING
TextOverride	52	212	MISSING
HUDPos	52	211	MISSING
Shadow	52	176	MISSING
PlatformDependantObject	52	161	MISSING
BossHealthSliderTemplate	52	159	MISSING
HudController	52	158	MISSING
Speedometer	52	158	MISSING
FlashImage	52	146	MISSING
GroundCheck	52	123	full
LineToPoint	52	122	MISSING
SecretMissionChecker	52	111	MISSING
ShopZone	52	109	MISSING
SelectionRedirector	52	107	MISSING
CheatMenuItem	52	106	MISSING
FadeOutBars	52	106	MISSING
LevelStats	52	106	MISSING
SliderReleaseColor	52	106	MISSING
TooltipManager	52	106	MISSING
WorkshopMapEndRating	52	105	MISSING
GroundCheckGroup	52	104	MISSING
ViewModelFlip	52	104	MISSING
AnimationEvent	52	82	MISSING
EnemyInfoPage	52	81	MISSING
GearCheckImage	52	81	MISSING
GearCheckText	52	81	MISSING
MoneyText	52	81	MISSING
ShopButtonListController	52	81	MISSING
ShopGearChecker	52	81	MISSING
PlayerFootsteps	52	71	MISSING
DifficultyTitle	52	60	MISSING
HideUICheatGroup	52	60	MISSING
HellMap	52	59	MISSING
FinalRank	52	57	MISSING
UIFollowSibling	52	56	MISSING
AutoRegisterState	52	55	MISSING
ButtonTextColorSetter	52	55	MISSING
CausticVolumeManager	52	55	MISSING
CopyColor	52	54	MISSING
TextAppearByLines	52	54	MISSING
AdvancedOptions	52	53	MISSING
AlterMenuElements	52	53	MISSING
AlterMenuVector3Field	52	53	MISSING
AuthorLinkRow	52	53	MISSING
BossBarManager	52	53	MISSING
BossHealthBarTemplate	52	53	MISSING
ButtonHighlightParent	52	53	MISSING
CanvasController	52	53	MISSING
CheatsManager	52	53	MISSING
ColorBlindActivator	52	53	MISSING
ControlsOptions	52	53	MISSING
Crosshair	52	53	MISSING
CustomPaletteSelector	52	53	MISSING
CutsceneSkipText	52	53	MISSING
DeathSequence	52	53	MISSING
DropdownImageFlipper	52	53	MISSING
DropdownPipChanger	52	53	MISSING
GraphicsSettings	52	53	MISSING
HUDSettings	52	53	MISSING
HudMessageReceiver	52	53	MISSING
LaughingSkull	52	53	MISSING
LeaderboardManagementEntry	52	53	MISSING
LeaderboardManagementScreen	52	53	MISSING
LevelEndLeaderboard	52	53	MISSING
LevelNamePopup	52	53	MISSING
LevelStatsEnabler	52	53	MISSING
MenuAlphaPop	52	53	MISSING
MenuNavigationBuilder	52	53	MISSING
OptionsMenuToManager	52	53	MISSING
PauseMenu	52	53	MISSING
PortalRenderV2	52	53	MISSING
PowerUpMeter	52	53	MISSING
RefCountedEvent	52	53	MISSING
RumbleKeyOptionEntry	52	53	MISSING
RumbleSettingsMenu	52	53	MISSING
SandboxAlterMenu	52	53	MISSING
SandboxHud	52	53	MISSING
SandboxSaveConfirmation	52	53	MISSING
SandboxSaveItem	52	53	MISSING
SaveLoadFailMessage	52	53	MISSING
SaveSlotMenu	52	53	MISSING
ScanningStuff	52	53	MISSING
ScrollRectMouseControl	52	53	MISSING
SettingsDropdown	52	53	MISSING
SettingsMenu	52	53	MISSING
SlotRowPanel	52	53	MISSING
SpawnMenu	52	53	MISSING
SpawnMenuSectionReference	52	53	MISSING
Subtitle	52	53	MISSING
SubtitleController	52	53	MISSING
TMP_Dropdown	52	53	MISSING
TeleportCheat	52	53	MISSING
TextBinds	52	53	MISSING
UICircle	52	53	MISSING
WeaponWheel	52	53	MISSING
WorkshopMapEndLinks	52	53	MISSING
AlwaysLookAtCameraManager	52	52	MISSING
AssistController	52	52	MISSING
AudioMixerController	52	52	MISSING
BloodsplatterManager	52	52	MISSING
CameraController	52	52	partial: no screenshake, no options
CameraFrustumTargeter	52	52	MISSING
ChallengeManager	52	52	MISSING
CheatsController	52	52	MISSING
ClimbStep	52	52	full
ColorBlindSettings	52	52	MISSING
DefaultReferenceManager	52	52	MISSING
DiscordController	52	52	MISSING
FireObjectPool	52	52	MISSING
FistControl	52	52	MISSING
GunColorController	52	52	MISSING
GunControl	52	52	MISSING
HookArm	52	52	MISSING
IconManager	52	52	MISSING
MeshCombineManager	52	52	MISSING
MusicManager	52	52	MISSING
NewMovement	52	52	partial: no hurt/death anim, sounds, slope/water/jump pad interplay
OptionsManager	52	52	MISSING
PhysicsSounds	52	52	MISSING
PlayerActivatorRelay	52	52	MISSING
PlayerAnimations	52	52	MISSING
PlayerMovementParenting	52	52	MISSING
PlayerTracker	52	52	MISSING
PooledWaterStore	52	52	MISSING
PortalAwarePlayerCollider	52	52	MISSING
PortalManagerV2	52	52	MISSING
PostProcessV2_Handler	52	52	MISSING
PowerVoiceController	52	52	MISSING
PresenceController	52	52	MISSING
ProjectileParryZone	52	52	MISSING
RailcannonMeter	52	52	MISSING
RotateToFaceFrustumTarget	52	52	MISSING
SandboxSaver	52	52	MISSING
SimpleMeshCombineManager	52	52	MISSING
StainVoxelManager	52	52	MISSING
StatsManager	52	52	MISSING
SteamController	52	52	MISSING
StockMapInfo	52	52	MISSING
StyleCalculator	52	52	MISSING
StyleHUD	52	52	MISSING
TimeController	52	52	MISSING
UnderwaterController	52	52	MISSING
VerticalClippingBlocker	52	52	MISSING
WalkingBob	52	52	MISSING
WallCheck	52	52	full
WallCheckGroup	52	52	MISSING
WeaponCharges	52	52	MISSING
WeaponHUD	52	52	MISSING
IgnoreSceneOptimizer	51	6571	MISSING
CustomGroundProperties	51	1300	MISSING
DisableOnLevelStart	51	60	MISSING
PlayerActivator	51	57	full
NavMeshSurface	51	54	MISSING
PlayerLoadoutTarget	51	51	MISSING
NavMeshModifier	50	38507	MISSING
Door	50	1248	partial: Normal door type only; no sounds
DeathZone	50	479	full
FinalDoorOpener	50	122	full
FinalDoor	50	121	partial: no animation/sound
FirstRoomPrefab	50	50	MISSING
OnLevelStart	50	50	MISSING
GunSetter	47	47	MISSING
EnemyIdentifierIdentifier	45	30315	MISSING
EnemyIdentifier	45	2800	partial: damage/limb multipliers; no buffs, blessing, radiance, sand
EnemySpawnableInstance	45	2715	MISSING
FinalPit	45	139	partial: no results screen
AlwaysLookAtCamera	44	3752	MISSING
DoorController	44	2044	full
DisabledEnemiesChecker	44	551	MISSING
TeleportFinalPit	44	63	MISSING
Breakable	43	2859	partial: no debris/particles/sound
Enemy	43	2691	MISSING
FinalRoom	43	67	MISSING
SpawnEffect	42	2724	MISSING
GoreZone	42	388	MISSING
PortalAwareRenderer	41	2682	MISSING
SwingCheck2	41	2357	data-only
AlwaysIncludeSceneOptimizer	41	287	MISSING
HudMessage	41	252	partial: text only
CheckPoint	41	183	partial: no rooms reset beyond snapshot; no sound/anim
OutOfBounds	41	42	MISSING
StaticSceneOptimizer	41	41	MISSING
PortalAwareLight	40	753	MISSING
GroundCheckEnemy	39	2231	MISSING
ActivateNextWave	38	456	full
Flammable	37	18283	MISSING
EnviroParticle	37	739	MISSING
SandboxPropPart	37	699	MISSING
ActivateArena	37	407	full
Water	36	211	MISSING
Footsteps	35	1652	MISSING
Zombie	35	1614	partial: direct pursuit, no navmesh/anim
GamepadSelectionOutline	35	35	MISSING
InputSystemUIInputModule	35	35	MISSING
BigDoor	34	1049	MISSING
ScrollingTexture	33	549	MISSING
ItemIdentifier	33	461	MISSING
ZombieProjectiles	32	899	partial: no anim timing
Crossfade	32	157	MISSING
ZombieMelee	31	653	partial: no anim timing
SpiderLeg	30	528	MISSING
SpiderLegLines	30	528	MISSING
SpiderLegPos	30	528	MISSING
InstantiateObject	30	513	MISSING
Machine	30	402	MISSING
Screenshaker	30	373	MISSING
ModifyMaterial	30	155	MISSING
MaliciousFace	30	132	partial: see SpiderBody
SpiderBodyTrigger	30	132	MISSING
SpiderLegsController	30	132	MISSING
CheckForScroller	29	2041	MISSING
ScaleNFade	29	541	MISSING
BulletCheck	29	166	MISSING
Statue	29	125	MISSING
DisableSelfOnParentDisable	28	483	MISSING
ItemPlaceZone	28	165	MISSING
PulsateEmissiveMaterial	28	161	MISSING
BossHealthBar	28	50	MISSING
AnimationSpeedRandomizer	27	1709	MISSING
Drone	27	315	MISSING
HurtZone	27	183	MISSING
PortalAwareRendererIgnore	27	156	MISSING
FireZone	26	161	MISSING
LateUpdateParticles	26	161	MISSING
Streetcleaner	26	161	MISSING
StreetcleanerAnimations	26	161	MISSING
Skull	26	125	MISSING
SandboxProp	26	123	MISSING
StatueBoss	26	107	MISSING
BossIdentifier	26	49	MISSING
OutdoorLightMaster	26	30	MISSING
Bonus	25	122	MISSING
LevelNameActivator	25	33	MISSING
DeathMarker	24	156	MISSING
FogEnabler	24	78	MISSING
ObjectActivationCheck	24	47	full
Vibrate	23	455	MISSING
SubDoor	23	334	MISSING
DoorOpener	23	132	full
Follow	23	77	MISSING
FadeOut	23	45	MISSING
FloatingPointErrorPreventer	22	1921	MISSING
AnimatedTexture	22	139	MISSING
StatueActivator	22	63	MISSING
StatueFake	22	63	MISSING
OutdoorsZone	21	112	MISSING
ScaleTransform	21	91	MISSING
MusicChanger	20	45	MISSING
Glass	19	354	partial: no shards/sound
ExplosionController	19	245	MISSING
OutOfBoundsTargetSetter	19	211	full
ScreenZone	19	149	MISSING
EnemyShotgun	19	59	MISSING
MovingPlatform	18	123	MISSING
JumpPad	18	85	MISSING
ScrollingText	18	38	MISSING
PrefConditional	18	36	MISSING
SecretMissionPit	18	32	MISSING
FirstPersonInputModule	18	18	MISSING
StandaloneInputModule	18	18	MISSING
PortalAwareParticleSystem	16	260	MISSING
BreakChunks	16	109	MISSING
Flicker	16	107	MISSING
HookPoint	16	94	MISSING
BloodUnderwaterChecker	16	93	MISSING
MovementParticleTrigger	15	210	MISSING
EnviroMaterialGetter	15	163	MISSING
ThreadedParticleCollision	15	160	MISSING
ParticleCollisionSpawn	15	154	MISSING
ChangeMaterials	15	133	MISSING
Bloodsplatter	15	85	MISSING
SwordsMachine	15	52	MISSING
TimeOfDayChanger	15	41	MISSING
Readable	14	113	MISSING
CameraShake	14	88	MISSING
Turret	14	61	MISSING
SoundPitch	14	35	MISSING
MusicFadeOut	14	24	MISSING
SlowMo	14	24	MISSING
BigDoorOpener	14	23	MISSING
DestroyOnCheckpointRestart	13	143	MISSING
Lantern	13	99	MISSING
ItemTrigger	12	329	MISSING
DistantSprite	12	88	MISSING
ParryHelper	12	82	MISSING
IdolMauricer	12	44	MISSING
EventOnDestroy	12	31	MISSING
MassAnimationReceiver	12	31	MISSING
ActivateNextWaveHP	12	25	MISSING
Mindflayer	12	17	MISSING
WeaponPickUp	12	17	partial: revolver only
Mannequin	11	102	MISSING
Idol	11	36	MISSING
GetPlayerPref	11	12	MISSING
PlayerDistanceDecal	10	539	MISSING
MannequinPoses	10	218	MISSING
LampFlicker	10	75	MISSING
Entity	10	51	MISSING
Gutterman	10	51	MISSING
PhysicalShockwave	10	51	MISSING
Shockwave	10	51	MISSING
CopyPositionAndRotation	10	39	MISSING
SoundPitchDip	10	25	MISSING
SetPlayerPref	10	12	MISSING
Guttertank	9	46	MISSING
SubtitledAudioSource	9	26	MISSING
Stalker	9	23	MISSING
ArenaStatus	9	15	MISSING
Mass	9	12	MISSING
RandomForce	8	312	MISSING
LerpColor	8	77	MISSING
Explosion	8	64	MISSING
AddForce	8	60	MISSING
ImageFadeIn	8	50	MISSING
SimpleMeshCombiner	8	24	MISSING
PlayerSoftPuller	8	23	MISSING
BreakBreakables	8	21	MISSING
SkyboxEnabler	8	21	MISSING
DualWieldPickup	8	11	MISSING
GetMusicVolume	8	11	MISSING
LimboSwitch	8	10	MISSING
PooledSplash	7	163	MISSING
HarpoonDestroyer	7	68	MISSING
ChallengeTrigger	7	47	MISSING
Lerp	7	33	MISSING
CoinActivated	7	26	MISSING
ActivateOnSoundEnd	7	10	MISSING
CutsceneSkip	7	10	MISSING
LimboSkybox	7	9	MISSING
TreeRustle	6	108	MISSING
TriggerEnterMessage	6	108	MISSING
DestroyComponents	6	66	MISSING
Piston	6	34	MISSING
LightningStrikeDecorative_Animated	6	33	MISSING
DoorLock	6	21	MISSING
DoorBlocker	6	20	MISSING
RoomCubemap	6	19	MISSING
Clock	6	18	MISSING
GearCheckEnabler	6	11	MISSING
Bleeder	6	10	MISSING
Cannonball	6	10	MISSING
CannonballExtraCollider	6	10	MISSING
ElectricityLine	6	10	MISSING
FabrikSolver3D	6	10	MISSING
IgnoreDeathZones	6	10	MISSING
LateCopyPositionAndRotation	6	10	MISSING
MusicDeactivator	6	10	MISSING
Sisyphus	6	10	MISSING
UnlockBestiary	6	10	MISSING
CheckpointsDisabler	6	6	MISSING
StencilValuesByLayer	6	6	MISSING
TimeTracker	6	6	MISSING
PuzzleLine	5	652	MISSING
PuzzlePanel	5	652	MISSING
Portal	5	268	MISSING
GreedDoorTorch	5	228	MISSING
GravityVolume	5	90	MISSING
GoreSplatter	5	88	MISSING
DoorLightsHider	5	57	MISSING
DragBehind	5	48	MISSING
DontBatchRenderer	5	41	MISSING
BlinkAnimTex	5	33	MISSING
HarpoonHelper	5	33	MISSING
RandomSetActive	5	23	MISSING
DifficultyDependantObject	5	12	MISSING
EnemyRevolver	5	7	MISSING
EnemyNailgun	5	6	MISSING
TextMeshPro	5	6	MISSING
V2AnimationController	5	6	MISSING
WeaponStalenessLocker	5	6	MISSING
LimboSwitchLock	5	5	MISSING
StatueIntroChecker	5	5	MISSING
V2	5	5	MISSING
ContinuousBeam	4	89	MISSING
RandomAudioclip	4	56	MISSING
EndlessScrollingPiece	4	43	MISSING
UnlockMouse	4	36	MISSING
RotateToTarget	4	31	MISSING
EventTrigger	4	21	MISSING
Speaker	4	21	MISSING
TempSpider	4	19	MISSING
DoorUnlocker	4	14	MISSING
NavMeshLink	4	13	MISSING
AnimationEventToUltrakillEvent	4	12	MISSING
ItemlessChecker	4	10	MISSING
AttributeChecker	4	5	MISSING
MixerVolumeDip	4	5	MISSING
AltPickUp	4	4	MISSING
LimboWater	4	4	MISSING
Soap	4	4	MISSING
TimeChallenge	4	4	MISSING
Torch	4	4	MISSING
RemoveOnParentScale	3	150	MISSING
LightIgnorePortal	3	149	MISSING
IntermissionController	3	75	MISSING
TrainTrackPoint	3	37	MISSING
CustomGravity	3	30	MISSING
DestroyOnDisable	3	23	MISSING
TramControl	3	22	MISSING
CausticVolume	3	19	MISSING
Projectile	3	15	partial: basic straight projectile
MortarLauncher	3	11	MISSING
WebButton	3	9	MISSING
AudioPitchSetter	3	8	MISSING
Elevator	3	7	MISSING
JiggleRigBuilder	3	7	MISSING
BloodFiller	3	6	MISSING
DroneFlesh	3	6	MISSING
EnemySpawnRadius	3	6	MISSING
FlashingText	3	6	MISSING
Ferryman	3	5	MISSING
KillHitterTarget	3	5	MISSING
BattleDimmingLights	3	4	MISSING
Tram	3	4	MISSING
WeaponIcon	3	4	MISSING
GoToTarget	3	3	MISSING
KillHitterCache	3	3	MISSING
ObjectActivatorStay	3	3	MISSING
ObjectBoundsToShader	2	69	MISSING
GamepadEnableWhileSelected	2	48	MISSING
SplashingElement	2	47	MISSING
DestroyAudio	2	44	MISSING
PuzzleController	2	30	MISSING
WeaponTrail	2	30	MISSING
AmbientGlow	2	27	MISSING
Landmine	2	27	MISSING
SpriteController	2	27	MISSING
DetachFromParent	2	26	MISSING
BaitItem	2	18	MISSING
MapIntSetter	2	18	MISSING
LightPillar	2	17	MISSING
PortalFlipper	2	17	MISSING
DifficultySelectButton	2	12	MISSING
ResetPosition	2	12	MISSING
SpeedWeed	2	11	MISSING
RotateBy	2	10	MISSING
Deathcatcher	2	8	MISSING
ObjectSpawner	2	8	MISSING
BulkInstantiate	2	6	MISSING
MapIntWatcher	2	6	MISSING
Power	2	6	MISSING
PowerIntro	2	6	MISSING
MoveTowards	2	5	MISSING
AudioMuffleZone	2	4	MISSING
GlassBreaker	2	4	MISSING
RevolverCylinder	2	4	MISSING
WeaponIdentifier	2	4	MISSING
WeaponPos	2	4	MISSING
Bloodstain	2	3	MISSING
CheckLevelRank	2	3	MISSING
ComplexSplasher	2	3	MISSING
DietProp	2	3	MISSING
DisableChildScrollingTexturesOnPref	2	3	MISSING
DistantThunder	2	3	MISSING
FakeMassActivator	2	3	MISSING
FishingRodAnimEvents	2	3	MISSING
ObjectBounds	2	3	MISSING
ScreenDistortionField	2	3	MISSING
ScriptActivator	2	3	MISSING
SetVideoFilePath	2	3	MISSING
ActivateOnController	2	2	MISSING
BreakOnImpact	2	2	MISSING
ChangeLayer	2	2	MISSING
DisableLightsOnFullBright	2	2	MISSING
DiscChange	2	2	MISSING
FishingRodWeapon	2	2	MISSING
FleshPrison	2	2	MISSING
FraudTheatreSkybox	2	2	MISSING
GabrielBase	2	2	MISSING
GabrielOutro	2	2	MISSING
GabrielVoice	2	2	MISSING
HeatResistance	2	2	MISSING
KillAmountChallenge	2	2	MISSING
LaunchPlayer	2	2	MISSING
LightningStormMetalChecker	2	2	MISSING
MorphTarget	2	2	MISSING
Morse	2	2	MISSING
NoVirtualAudio	2	2	MISSING
OnCheatsEnable	2	2	MISSING
PlayerPusher	2	2	MISSING
Radio	2	2	MISSING
RenderCubemap	2	2	MISSING
RevolverAnimationReceiver	2	2	MISSING
SetGravity	2	2	MISSING
SoundChanger	2	2	MISSING
SoundStopper	2	2	MISSING
TeleportObject	2	2	MISSING
UnlockableFound	2	2	MISSING
Wobble	2	2	MISSING
ControllerBandaidFor2S	1	96	MISSING
LevelSelectLeaderboard	1	48	MISSING
LevelSelectPanel	1	48	MISSING
MenuChallengeHover	1	45	MISSING
ChessPiece	1	32	MISSING
AudioCopyVolumeAndTime	1	28	MISSING
BloodAbsorber	1	28	MISSING
SpritePoses	1	28	MISSING
BloodAbsorberChild	1	14	MISSING
ParryChallenge	1	13	MISSING
FishConstraints	1	12	MISSING
IKFootSolver	1	12	MISSING
LayerSelect	1	12	MISSING
RandomMaterial	1	12	MISSING
SphereGizmo	1	12	MISSING
TwoBoneIKConstraint	1	12	MISSING
LightningStrikeDecorative	1	11	MISSING
SecretMissionPanel	1	11	MISSING
EventOnRandomTimer	1	10	MISSING
FishGhost	1	10	MISSING
SelectableRectTools	1	10	MISSING
DisableAtDistance	1	9	MISSING
GhostDrone	1	8	MISSING
MannequinString	1	8	MISSING
PlatformerCameraSetter	1	8	MISSING
ForceLayoutRebuilds	1	7	MISSING
GibDestroyer	1	7	MISSING
SetFishZone	1	7	MISSING
ChapterSelectButton	1	6	MISSING
LevelSelectAct	1	6	MISSING
MenuActSelect	1	6	MISSING
RigTransform	1	6	MISSING
WaveSetter	1	6	MISSING
ActivateWhenActive	1	5	MISSING
CustomContentButton	1	5	MISSING
DryZone	1	5	MISSING
SoundVolume	1	5	MISSING
BreakParticle	1	4	MISSING
DimensionalArena	1	4	MISSING
DoorlessChecker	1	4	MISSING
IgnoreCollisionWith	1	4	MISSING
AudioContinueOnEnable	1	3	MISSING
BeatInfo	1	3	MISSING
DestroyObjects	1	3	MISSING
EnviroGibModifier	1	3	MISSING
FloatOnWater	1	3	MISSING
FootController	1	3	MISSING
IntroText	1	3	MISSING
LibraryLadder	1	3	MISSING
ObjectActivateInSequence	1	3	MISSING
Rig	1	3	MISSING
RigBuilder	1	3	MISSING
ActivateOnSliderValues	1	2	MISSING
BellHammer	1	2	MISSING
CancerousRodent	1	2	MISSING
Cork	1	2	MISSING
CorrectCameraView	1	2	MISSING
Countdown	1	2	MISSING
Dropdown	1	2	MISSING
FishCooker	1	2	MISSING
GamepadSelectionBoundsExtension	1	2	MISSING
HideBone	1	2	MISSING
MandaloreVoice	1	2	MISSING
OnCameraVisible	1	2	MISSING
Parasite	1	2	MISSING
Rotator	1	2	MISSING
SandboxIconSwitcher	1	2	MISSING
ScrollUIImage	1	2	MISSING
SpatialMusic	1	2	MISSING
SpinDirectionChanger	1	2	MISSING
SpinFromForce	1	2	MISSING
TerribleTasteBook	1	2	MISSING
TextGetControl	1	2	MISSING
AddKill	1	1	MISSING
AddStylePoints	1	1	MISSING
AmbientFader	1	1	MISSING
AspectRatioChanger	1	1	MISSING
BestiaryCheck	1	1	MISSING
BloodCheckerManager	1	1	MISSING
BloodstainParent	1	1	MISSING
BreakZone	1	1	MISSING
CampaignViewScreen	1	1	MISSING
CentaurDeath	1	1	MISSING
ChallengeDoneByDefault	1	1	MISSING
CheatsEnabler	1	1	MISSING
ChessManager	1	1	MISSING
ClashModePickup	1	1	MISSING
ClockChime	1	1	MISSING
CombinedBossBar	1	1	MISSING
ConnectedTram	1	1	MISSING
CopyAndEnableGameObject	1	1	MISSING
CopyText	1	1	MISSING
CrateCounter	1	1	MISSING
CrowdReactions	1	1	MISSING
CustomContentCategory	1	1	MISSING
CustomContentGrid	1	1	MISSING
CustomContentGui	1	1	MISSING
CustomFogController	1	1	MISSING
CustomLevelButton	1	1	MISSING
CustomLevelPanel	1	1	MISSING
CustomLevelStats	1	1	MISSING
CustomMusicFileBrowser	1	1	MISSING
CustomMusicPlayer	1	1	MISSING
CustomMusicPlaylistEditor	1	1	MISSING
CustomMusicSoundtrackBrowser	1	1	MISSING
CustomPatterns	1	1	MISSING
CustomTextures	1	1	MISSING
CyberGrindNavHelper	1	1	MISSING
CyberGrindSettingsNavigator	1	1	MISSING
DefaultSandboxCheckpoint	1	1	MISSING
DeletePlayerPref	1	1	MISSING
DisablePowerUp	1	1	MISSING
EndlessCube	1	1	MISSING
EndlessGrid	1	1	MISSING
EndlessHighScore	1	1	MISSING
EnemySortieInjector	1	1	MISSING
Envirokills	1	1	MISSING
EventOnPlayerGravityMatch	1	1	MISSING
FakeFallZone	1	1	MISSING
FerrymanFake	1	1	MISSING
FinalCyberRank	1	1	MISSING
FishEncyclopedia	1	1	MISSING
FishIconGlow	1	1	MISSING
FishLeaderboard	1	1	MISSING
FishManager	1	1	MISSING
FishMenuButton	1	1	MISSING
FishingExitDoor	1	1	MISSING
FishingHUD	1	1	MISSING
FishingRodTarget	1	1	MISSING
FogSetterBounds	1	1	MISSING
FollowNavMesh	1	1	MISSING
Gabriel	1	1	MISSING
GabrielCombinedSwordsThrown	1	1	MISSING
GabrielIntro	1	1	MISSING
GabrielSecond	1	1	MISSING
Geryon	1	1	MISSING
GhostMode	1	1	MISSING
InitGame	1	1	MISSING
IntroTextController	1	1	MISSING
IntroViolenceScreen	1	1	MISSING
InvertCorrection	1	1	MISSING
LeaderboardFixDialog	1	1	MISSING
LeviathanController	1	1	MISSING
LeviathanHead	1	1	MISSING
LeviathanTail	1	1	MISSING
LightGetEmissiveColor	1	1	MISSING
LoadingBar	1	1	MISSING
MadnessGas	1	1	MISSING
MainMenuAgony	1	1	MISSING
MainMenuPit	1	1	MISSING
MaliciousFaceCatcher	1	1	MISSING
Mandalore	1	1	MISSING
MarkedForDeath	1	1	MISSING
MinosArm	1	1	MISSING
MinosBoss	1	1	MISSING
MinosPrime	1	1	MISSING
Minotaur	1	1	MISSING
MinotaurChase	1	1	MISSING
MirrorReaper	1	1	MISSING
MuteWhenPaused	1	1	MISSING
NoBatchLimboWalls	1	1	MISSING
OnLineOfSight	1	1	MISSING
Outline	1	1	MISSING
PickClosestPoint	1	1	MISSING
PlatformerChecker	1	1	MISSING
PlatformerDancer	1	1	MISSING
PlatformerEnding	1	1	MISSING
PlayerLoadout	1	1	MISSING
PlayerPrefButton	1	1	MISSING
PlayerUtilities	1	1	MISSING
Pond	1	1	MISSING
PortalTravelFlagsSetter	1	1	MISSING
RaceRingTracker	1	1	MISSING
RandomSpawnInsideCollider	1	1	MISSING
RandomTextString	1	1	MISSING
RandomizeWind	1	1	MISSING
RankIcon	1	1	MISSING
ReadableFlipper	1	1	MISSING
ResumeSoundsOnEnable	1	1	MISSING
Revolver	1	1	partial: piercer variant only; no coin/alt variants, no anim/sound
RotateByPosition	1	1	MISSING
SandboxArm	1	1	MISSING
SandboxNavmesh	1	1	MISSING
ScatterRigidbodies	1	1	MISSING
SeaBodies	1	1	MISSING
SecretCode	1	1	MISSING
SetChildShaderPropertiesOnPref	1	1	MISSING
SisyphusPrime	1	1	MISSING
SisyphusPrimeIntro	1	1	MISSING
SlideLengthChallenge	1	1	MISSING
SoundOnMove	1	1	MISSING
SoundWobbler	1	1	MISSING
SpaceSkybox	1	1	MISSING
SpeedKillChallenge	1	1	MISSING
SphereForce	1	1	MISSING
StatsDisplay	1	1	MISSING
SwitchMaterial	1	1	MISSING
SwitchOnBeat	1	1	MISSING
TimeBomb	1	1	MISSING
Vacuum	1	1	MISSING
Washer	1	1	MISSING
WaveCustomSetter	1	1	MISSING
WaveMenu	1	1	MISSING
Wicked	1	1	MISSING
WorldOptions	1	1	MISSING
ZombieIgnorizer	1	1	MISSING
